"id","passengerClass","passengerAge","passengerSex","passengerSurvival"
1,"1st",30,"female","survived"
2,"1st",0,"male","survived"
3,"1st",0,"female","died"
4,"1st",30,"male","died"
5,"1st",20,"female","died"
6,"1st",50,"male","survived"
7,"1st",60,"female","survived"
8,"1st",40,"male","died"
9,"1st",50,"female","survived"
10,"1st",70,"male","died"
11,"1st",50,"male","died"
12,"1st",20,"female","survived"
13,"1st",20,"female","survived"
14,"1st",30,"female","survived"
15,"1st",80,"male","survived"
16,"1st",-1,"male","died"
17,"1st",20,"male","died"
18,"1st",50,"female","survived"
19,"1st",30,"female","survived"
20,"1st",40,"male","died"
21,"1st",40,"male","survived"
22,"1st",50,"female","survived"
23,"1st",30,"male","survived"
24,"1st",40,"female","survived"
25,"1st",30,"female","survived"
26,"1st",20,"male","died"
27,"1st",20,"male","survived"
28,"1st",20,"female","survived"
29,"1st",40,"female","survived"
30,"1st",30,"male","survived"
31,"1st",40,"male","died"
32,"1st",40,"male","survived"
33,"1st",30,"female","survived"
34,"1st",60,"female","survived"
35,"1st",40,"male","died"
36,"1st",40,"female","survived"
37,"1st",20,"female","survived"
38,"1st",-1,"male","survived"
39,"1st",40,"male","died"
40,"1st",50,"male","died"
41,"1st",-1,"male","died"
42,"1st",40,"female","survived"
43,"1st",60,"female","survived"
44,"1st",60,"female","survived"
45,"1st",40,"female","survived"
46,"1st",40,"male","died"
47,"1st",-1,"male","died"
48,"1st",40,"male","survived"
49,"1st",50,"female","survived"
50,"1st",40,"male","survived"
51,"1st",60,"female","survived"
52,"1st",30,"male","died"
53,"1st",30,"male","died"
54,"1st",20,"male","died"
55,"1st",10,"male","survived"
56,"1st",10,"female","survived"
57,"1st",40,"male","survived"
58,"1st",40,"female","survived"
59,"1st",50,"male","died"
60,"1st",-1,"female","survived"
61,"1st",40,"male","died"
62,"1st",80,"female","survived"
63,"1st",50,"male","died"
64,"1st",50,"female","survived"
65,"1st",30,"male","survived"
66,"1st",30,"female","survived"
67,"1st",40,"female","survived"
68,"1st",30,"female","survived"
69,"1st",40,"male","survived"
70,"1st",-1,"female","survived"
71,"1st",-1,"male","died"
72,"1st",30,"male","died"
73,"1st",30,"female","survived"
74,"1st",20,"female","survived"
75,"1st",-1,"male","died"
76,"1st",50,"male","died"
77,"1st",40,"female","survived"
78,"1st",40,"male","died"
79,"1st",60,"female","survived"
80,"1st",60,"female","survived"
81,"1st",-1,"male","died"
82,"1st",70,"male","died"
83,"1st",40,"female","survived"
84,"1st",60,"female","survived"
85,"1st",40,"male","died"
86,"1st",40,"female","survived"
87,"1st",50,"male","survived"
88,"1st",30,"male","survived"
89,"1st",30,"female","survived"
90,"1st",30,"male","died"
91,"1st",30,"female","survived"
92,"1st",30,"male","survived"
93,"1st",20,"female","survived"
94,"1st",50,"male","survived"
95,"1st",0,"male","survived"
96,"1st",50,"female","survived"
97,"1st",50,"male","died"
98,"1st",30,"female","survived"
99,"1st",50,"female","survived"
100,"1st",50,"female","survived"
101,"1st",50,"male","survived"
102,"1st",40,"male","died"
103,"1st",20,"female","survived"
104,"1st",40,"female","survived"
105,"1st",50,"female","survived"
106,"1st",40,"female","died"
107,"1st",-1,"male","died"
108,"1st",-1,"female","survived"
109,"1st",-1,"female","survived"
110,"1st",40,"male","survived"
111,"1st",30,"male","died"
112,"1st",20,"female","survived"
113,"1st",30,"female","survived"
114,"1st",20,"female","survived"
115,"1st",20,"male","died"
116,"1st",60,"male","died"
117,"1st",60,"female","survived"
118,"1st",30,"female","survived"
119,"1st",-1,"male","died"
120,"1st",50,"male","survived"
121,"1st",40,"male","survived"
122,"1st",-1,"female","survived"
123,"1st",20,"female","survived"
124,"1st",60,"male","survived"
125,"1st",50,"female","survived"
126,"1st",-1,"male","died"
127,"1st",40,"male","died"
128,"1st",40,"female","survived"
129,"1st",50,"male","died"
130,"1st",40,"female","survived"
131,"1st",20,"female","survived"
132,"1st",40,"female","survived"
133,"1st",20,"male","died"
134,"1st",50,"male","survived"
135,"1st",-1,"female","survived"
136,"1st",70,"male","died"
137,"1st",50,"male","survived"
138,"1st",20,"female","survived"
139,"1st",40,"male","died"
140,"1st",60,"female","survived"
141,"1st",20,"male","survived"
142,"1st",40,"female","survived"
143,"1st",50,"male","died"
144,"1st",20,"male","survived"
145,"1st",20,"female","survived"
146,"1st",50,"male","survived"
147,"1st",50,"female","survived"
148,"1st",-1,"male","died"
149,"1st",40,"male","died"
150,"1st",40,"female","survived"
151,"1st",40,"male","died"
152,"1st",30,"male","survived"
153,"1st",-1,"male","survived"
154,"1st",20,"female","survived"
155,"1st",60,"male","died"
156,"1st",50,"female","survived"
157,"1st",40,"male","died"
158,"1st",-1,"male","died"
159,"1st",60,"male","died"
160,"1st",20,"female","survived"
161,"1st",40,"female","survived"
162,"1st",50,"female","survived"
163,"1st",40,"male","died"
164,"1st",40,"female","survived"
165,"1st",40,"male","survived"
166,"1st",40,"male","survived"
167,"1st",-1,"male","died"
168,"1st",40,"female","survived"
169,"1st",40,"female","survived"
170,"1st",50,"female","died"
171,"1st",50,"male","survived"
172,"1st",50,"male","died"
173,"1st",50,"male","died"
174,"1st",30,"male","died"
175,"1st",60,"male","died"
176,"1st",40,"male","died"
177,"1st",-1,"female","survived"
178,"1st",40,"male","survived"
179,"1st",40,"female","survived"
180,"1st",-1,"male","died"
181,"1st",40,"female","survived"
182,"1st",50,"female","survived"
183,"1st",30,"female","survived"
184,"1st",40,"male","survived"
185,"1st",-1,"male","died"
186,"1st",40,"male","died"
187,"1st",60,"female","survived"
188,"1st",20,"female","survived"
189,"1st",50,"female","survived"
190,"1st",30,"male","died"
191,"1st",20,"female","survived"
192,"1st",30,"male","died"
193,"1st",60,"female","survived"
194,"1st",20,"female","survived"
195,"1st",30,"male","died"
196,"1st",20,"female","survived"
197,"1st",-1,"male","survived"
198,"1st",20,"male","died"
199,"1st",20,"female","survived"
200,"1st",20,"female","survived"
201,"1st",50,"male","died"
202,"1st",50,"male","died"
203,"1st",40,"male","survived"
204,"1st",30,"male","died"
205,"1st",-1,"female","survived"
206,"1st",60,"male","died"
207,"1st",40,"male","died"
208,"1st",30,"female","survived"
209,"1st",40,"female","survived"
210,"1st",30,"male","survived"
211,"1st",60,"male","died"
212,"1st",50,"male","died"
213,"1st",40,"male","died"
214,"1st",30,"female","survived"
215,"1st",20,"female","survived"
216,"1st",60,"male","died"
217,"1st",20,"female","survived"
218,"1st",60,"male","died"
219,"1st",40,"female","survived"
220,"1st",-1,"male","survived"
221,"1st",20,"female","survived"
222,"1st",60,"male","died"
223,"1st",30,"male","died"
224,"1st",-1,"male","died"
225,"1st",50,"male","died"
226,"1st",20,"male","died"
227,"1st",30,"male","died"
228,"1st",20,"female","survived"
229,"1st",20,"male","died"
230,"1st",20,"female","survived"
231,"1st",30,"female","survived"
232,"1st",50,"male","survived"
233,"1st",50,"male","died"
234,"1st",60,"female","survived"
235,"1st",40,"male","died"
236,"1st",-1,"male","survived"
237,"1st",20,"male","died"
238,"1st",-1,"male","died"
239,"1st",40,"female","survived"
240,"1st",30,"male","died"
241,"1st",40,"male","survived"
242,"1st",-1,"male","died"
243,"1st",30,"female","survived"
244,"1st",50,"male","died"
245,"1st",40,"male","died"
246,"1st",30,"female","survived"
247,"1st",60,"male","died"
248,"1st",50,"female","survived"
249,"1st",30,"male","died"
250,"1st",10,"male","survived"
251,"1st",20,"female","survived"
252,"1st",20,"female","survived"
253,"1st",60,"male","died"
254,"1st",50,"female","survived"
255,"1st",-1,"male","survived"
256,"1st",20,"female","survived"
257,"1st",-1,"male","survived"
258,"1st",40,"female","survived"
259,"1st",30,"female","survived"
260,"1st",30,"male","survived"
261,"1st",40,"female","survived"
262,"1st",40,"male","survived"
263,"1st",50,"male","died"
264,"1st",40,"female","survived"
265,"1st",60,"male","survived"
266,"1st",30,"male","survived"
267,"1st",60,"male","died"
268,"1st",60,"male","died"
269,"1st",20,"male","died"
270,"1st",-1,"male","died"
271,"1st",20,"female","survived"
272,"1st",20,"male","survived"
273,"1st",20,"female","survived"
274,"1st",10,"male","survived"
275,"1st",40,"male","survived"
276,"1st",40,"female","survived"
277,"1st",60,"male","died"
278,"1st",-1,"female","survived"
279,"1st",30,"male","survived"
280,"1st",60,"male","died"
281,"1st",50,"male","survived"
282,"1st",40,"female","survived"
283,"1st",50,"female","survived"
284,"1st",-1,"male","died"
285,"1st",60,"female","survived"
286,"1st",70,"male","died"
287,"1st",60,"female","died"
288,"1st",60,"male","died"
289,"1st",50,"female","survived"
290,"1st",20,"female","survived"
291,"1st",50,"male","died"
292,"1st",40,"female","survived"
293,"1st",50,"male","survived"
294,"1st",-1,"female","survived"
295,"1st",50,"male","died"
296,"1st",20,"male","survived"
297,"1st",40,"female","survived"
298,"1st",-1,"female","survived"
299,"1st",30,"male","survived"
300,"1st",40,"male","died"
301,"1st",60,"male","died"
302,"1st",50,"male","died"
303,"1st",40,"female","survived"
304,"1st",60,"male","died"
305,"1st",60,"female","survived"
306,"1st",60,"male","died"
307,"1st",50,"male","died"
308,"1st",20,"male","died"
309,"1st",60,"female","survived"
310,"1st",30,"female","survived"
311,"1st",60,"male","died"
312,"1st",40,"female","survived"
313,"1st",50,"male","died"
314,"1st",30,"male","died"
315,"1st",50,"female","survived"
316,"1st",20,"female","survived"
317,"1st",50,"male","died"
318,"1st",20,"male","survived"
319,"1st",-1,"male","died"
320,"1st",30,"female","survived"
321,"1st",-1,"male","survived"
322,"1st",60,"male","died"
323,"1st",40,"female","survived"
324,"2nd",30,"male","died"
325,"2nd",30,"female","survived"
326,"2nd",30,"male","died"
327,"2nd",20,"male","died"
328,"2nd",20,"male","died"
329,"2nd",30,"male","died"
330,"2nd",40,"female","survived"
331,"2nd",60,"male","died"
332,"2nd",20,"male","died"
333,"2nd",20,"male","died"
334,"2nd",40,"female","survived"
335,"2nd",30,"male","died"
336,"2nd",50,"male","died"
337,"2nd",30,"male","survived"
338,"2nd",20,"female","survived"
339,"2nd",30,"male","died"
340,"2nd",0,"male","survived"
341,"2nd",0,"female","survived"
342,"2nd",10,"female","survived"
343,"2nd",40,"female","survived"
344,"2nd",30,"male","survived"
345,"2nd",20,"female","survived"
346,"2nd",20,"male","died"
347,"2nd",30,"male","died"
348,"2nd",40,"male","died"
349,"2nd",30,"male","died"
350,"2nd",20,"female","survived"
351,"2nd",20,"female","survived"
352,"2nd",60,"male","died"
353,"2nd",40,"female","survived"
354,"2nd",20,"female","survived"
355,"2nd",20,"male","died"
356,"2nd",40,"female","survived"
357,"2nd",20,"male","died"
358,"2nd",40,"male","died"
359,"2nd",40,"female","survived"
360,"2nd",0,"male","survived"
361,"2nd",30,"male","survived"
362,"2nd",20,"female","survived"
363,"2nd",40,"female","survived"
364,"2nd",-1,"male","died"
365,"2nd",20,"male","died"
366,"2nd",40,"female","died"
367,"2nd",50,"male","died"
368,"2nd",50,"male","died"
369,"2nd",40,"male","died"
370,"2nd",30,"female","died"
371,"2nd",20,"female","survived"
372,"2nd",40,"female","survived"
373,"2nd",30,"male","died"
374,"2nd",30,"female","survived"
375,"2nd",30,"male","died"
376,"2nd",30,"male","died"
377,"2nd",20,"male","survived"
378,"2nd",10,"female","survived"
379,"2nd",30,"male","died"
380,"2nd",30,"female","survived"
381,"2nd",20,"female","survived"
382,"2nd",30,"female","died"
383,"2nd",-1,"female","died"
384,"2nd",20,"male","died"
385,"2nd",-1,"male","died"
386,"2nd",10,"male","survived"
387,"2nd",20,"male","died"
388,"2nd",50,"female","survived"
389,"2nd",30,"female","survived"
390,"2nd",30,"male","died"
391,"2nd",20,"male","died"
392,"2nd",30,"male","died"
393,"2nd",20,"female","survived"
394,"2nd",20,"male","died"
395,"2nd",20,"male","died"
396,"2nd",20,"female","survived"
397,"2nd",30,"female","survived"
398,"2nd",50,"male","died"
399,"2nd",10,"male","survived"
400,"2nd",40,"male","died"
401,"2nd",30,"female","survived"
402,"2nd",30,"female","survived"
403,"2nd",30,"female","survived"
404,"2nd",20,"male","died"
405,"2nd",20,"male","died"
406,"2nd",20,"male","died"
407,"2nd",40,"male","died"
408,"2nd",30,"female","survived"
409,"2nd",20,"male","died"
410,"2nd",40,"male","died"
411,"2nd",-1,"male","died"
412,"2nd",40,"female","died"
413,"2nd",40,"male","died"
414,"2nd",40,"male","died"
415,"2nd",30,"male","died"
416,"2nd",30,"female","survived"
417,"2nd",20,"male","died"
418,"2nd",30,"male","died"
419,"2nd",50,"male","died"
420,"2nd",20,"male","died"
421,"2nd",20,"male","died"
422,"2nd",20,"male","died"
423,"2nd",20,"male","died"
424,"2nd",30,"male","died"
425,"2nd",30,"male","died"
426,"2nd",50,"male","died"
427,"2nd",30,"male","died"
428,"2nd",0,"male","survived"
429,"2nd",20,"female","survived"
430,"2nd",40,"male","died"
431,"2nd",10,"female","survived"
432,"2nd",30,"male","died"
433,"2nd",60,"male","survived"
434,"2nd",30,"male","died"
435,"2nd",10,"female","survived"
436,"2nd",40,"male","died"
437,"2nd",40,"female","survived"
438,"2nd",20,"female","survived"
439,"2nd",20,"female","survived"
440,"2nd",50,"male","died"
441,"2nd",50,"female","survived"
442,"2nd",60,"female","survived"
443,"2nd",20,"male","died"
444,"2nd",30,"male","died"
445,"2nd",20,"male","died"
446,"2nd",20,"female","died"
447,"2nd",20,"female","survived"
448,"2nd",20,"male","died"
449,"2nd",40,"male","died"
450,"2nd",50,"female","survived"
451,"2nd",50,"male","died"
452,"2nd",40,"male","died"
453,"2nd",30,"female","survived"
454,"2nd",20,"male","died"
455,"2nd",40,"male","survived"
456,"2nd",60,"male","died"
457,"2nd",60,"female","died"
458,"2nd",30,"male","died"
459,"2nd",20,"female","survived"
460,"2nd",40,"male","died"
461,"2nd",20,"female","survived"
462,"2nd",50,"male","died"
463,"2nd",20,"male","died"
464,"2nd",20,"male","died"
465,"2nd",30,"male","died"
466,"2nd",20,"female","survived"
467,"2nd",30,"male","died"
468,"2nd",20,"female","survived"
469,"2nd",20,"female","died"
470,"2nd",-1,"female","survived"
471,"2nd",40,"male","died"
472,"2nd",40,"female","survived"
473,"2nd",60,"male","died"
474,"2nd",-1,"male","died"
475,"2nd",30,"male","died"
476,"2nd",30,"female","died"
477,"2nd",30,"male","died"
478,"2nd",-1,"male","died"
479,"2nd",0,"female","survived"
480,"2nd",0,"female","survived"
481,"2nd",20,"male","died"
482,"2nd",20,"female","survived"
483,"2nd",20,"female","survived"
484,"2nd",-1,"female","survived"
485,"2nd",30,"female","survived"
486,"2nd",40,"male","died"
487,"2nd",20,"male","died"
488,"2nd",60,"male","died"
489,"2nd",50,"male","died"
490,"2nd",40,"female","survived"
491,"2nd",60,"female","died"
492,"2nd",-1,"male","died"
493,"2nd",0,"male","survived"
494,"2nd",30,"male","died"
495,"2nd",20,"female","survived"
496,"2nd",-1,"male","died"
497,"2nd",30,"male","died"
498,"2nd",40,"male","died"
499,"2nd",30,"male","died"
500,"2nd",30,"male","died"
501,"2nd",50,"male","died"
502,"2nd",10,"female","survived"
503,"2nd",40,"female","survived"
504,"2nd",20,"male","survived"
505,"2nd",40,"male","died"
506,"2nd",50,"male","died"
507,"2nd",70,"male","died"
508,"2nd",30,"male","died"
509,"2nd",50,"male","died"
510,"2nd",40,"male","died"
511,"2nd",20,"male","died"
512,"2nd",60,"male","died"
513,"2nd",30,"male","died"
514,"2nd",10,"female","survived"
515,"2nd",0,"male","survived"
516,"2nd",0,"male","survived"
517,"2nd",40,"male","died"
518,"2nd",30,"male","died"
519,"2nd",20,"male","died"
520,"2nd",30,"male","died"
521,"2nd",20,"male","survived"
522,"2nd",30,"female","survived"
523,"2nd",40,"male","died"
524,"2nd",20,"male","survived"
525,"2nd",-1,"male","survived"
526,"2nd",20,"male","died"
527,"2nd",30,"male","survived"
528,"2nd",30,"male","died"
529,"2nd",-1,"male","died"
530,"2nd",50,"female","survived"
531,"2nd",20,"male","died"
532,"2nd",-1,"male","died"
533,"2nd",40,"male","died"
534,"2nd",20,"female","survived"
535,"2nd",20,"female","survived"
536,"2nd",40,"male","died"
537,"2nd",30,"female","survived"
538,"2nd",30,"male","died"
539,"2nd",30,"male","survived"
540,"2nd",30,"male","died"
541,"2nd",0,"female","survived"
542,"2nd",10,"female","survived"
543,"2nd",30,"female","survived"
544,"2nd",40,"male","died"
545,"2nd",30,"male","died"
546,"2nd",30,"female","survived"
547,"2nd",30,"female","survived"
548,"2nd",20,"male","died"
549,"2nd",0,"male","survived"
550,"2nd",0,"male","survived"
551,"2nd",20,"female","survived"
552,"2nd",50,"female","survived"
553,"2nd",20,"male","died"
554,"2nd",20,"female","survived"
555,"2nd",30,"male","died"
556,"2nd",20,"male","died"
557,"2nd",30,"male","died"
558,"2nd",20,"female","survived"
559,"2nd",20,"female","survived"
560,"2nd",20,"female","survived"
561,"2nd",30,"female","survived"
562,"2nd",60,"male","died"
563,"2nd",30,"female","survived"
564,"2nd",40,"male","died"
565,"2nd",40,"female","survived"
566,"2nd",20,"male","died"
567,"2nd",40,"male","died"
568,"2nd",20,"male","died"
569,"2nd",20,"male","died"
570,"2nd",10,"male","died"
571,"2nd",50,"female","survived"
572,"2nd",20,"male","died"
573,"2nd",30,"female","survived"
574,"2nd",30,"female","survived"
575,"2nd",30,"male","died"
576,"2nd",30,"female","died"
577,"2nd",40,"male","died"
578,"2nd",30,"female","survived"
579,"2nd",30,"male","died"
580,"2nd",20,"male","died"
581,"2nd",30,"female","survived"
582,"2nd",-1,"male","died"
583,"2nd",10,"female","survived"
584,"2nd",40,"female","survived"
585,"2nd",30,"female","survived"
586,"2nd",30,"male","died"
587,"2nd",30,"female","survived"
588,"2nd",0,"male","survived"
589,"2nd",0,"female","survived"
590,"2nd",30,"female","survived"
591,"2nd",0,"female","survived"
592,"2nd",0,"female","survived"
593,"2nd",40,"male","died"
594,"2nd",30,"female","survived"
595,"2nd",70,"male","died"
596,"2nd",-1,"male","died"
597,"2nd",30,"male","survived"
598,"2nd",-1,"male","survived"
599,"2nd",30,"female","survived"
600,"2nd",20,"female","died"
601,"3rd",40,"male","died"
602,"3rd",10,"male","died"
603,"3rd",20,"male","died"
604,"3rd",40,"female","survived"
605,"3rd",20,"female","survived"
606,"3rd",20,"male","survived"
607,"3rd",20,"male","survived"
608,"3rd",20,"female","survived"
609,"3rd",30,"male","died"
610,"3rd",30,"male","died"
611,"3rd",40,"female","died"
612,"3rd",0,"male","survived"
613,"3rd",20,"female","survived"
614,"3rd",30,"male","survived"
615,"3rd",30,"male","died"
616,"3rd",20,"male","died"
617,"3rd",20,"male","died"
618,"3rd",20,"male","died"
619,"3rd",40,"male","died"
620,"3rd",20,"male","died"
621,"3rd",30,"male","died"
622,"3rd",20,"female","survived"
623,"3rd",0,"male","died"
624,"3rd",10,"female","died"
625,"3rd",0,"female","died"
626,"3rd",20,"female","survived"
627,"3rd",40,"female","died"
628,"3rd",10,"female","died"
629,"3rd",10,"female","died"
630,"3rd",40,"male","died"
631,"3rd",30,"male","survived"
632,"3rd",30,"male","died"
633,"3rd",40,"female","died"
634,"3rd",20,"male","died"
635,"3rd",30,"male","died"
636,"3rd",20,"male","died"
637,"3rd",20,"female","died"
638,"3rd",20,"male","died"
639,"3rd",40,"male","died"
640,"3rd",0,"male","died"
641,"3rd",10,"male","died"
642,"3rd",0,"male","survived"
643,"3rd",10,"male","died"
644,"3rd",0,"female","survived"
645,"3rd",40,"male","died"
646,"3rd",20,"male","survived"
647,"3rd",40,"female","survived"
648,"3rd",40,"female","survived"
649,"3rd",20,"male","died"
650,"3rd",20,"male","died"
651,"3rd",20,"female","died"
652,"3rd",30,"male","died"
653,"3rd",20,"male","died"
654,"3rd",10,"female","survived"
655,"3rd",20,"male","died"
656,"3rd",30,"male","died"
657,"3rd",30,"female","survived"
658,"3rd",0,"female","survived"
659,"3rd",0,"female","survived"
660,"3rd",0,"female","survived"
661,"3rd",20,"female","survived"
662,"3rd",20,"female","survived"
663,"3rd",40,"male","died"
664,"3rd",30,"male","died"
665,"3rd",20,"male","survived"
666,"3rd",20,"female","died"
667,"3rd",40,"female","died"
668,"3rd",30,"female","died"
669,"3rd",20,"male","died"
670,"3rd",20,"male","died"
671,"3rd",30,"male","died"
672,"3rd",20,"male","died"
673,"3rd",-1,"male","died"
674,"3rd",20,"male","died"
675,"3rd",30,"male","survived"
676,"3rd",20,"male","died"
677,"3rd",20,"male","died"
678,"3rd",30,"male","died"
679,"3rd",10,"male","died"
680,"3rd",10,"female","died"
681,"3rd",-1,"male","died"
682,"3rd",-1,"female","died"
683,"3rd",-1,"female","died"
684,"3rd",40,"male","died"
685,"3rd",30,"female","died"
686,"3rd",20,"male","died"
687,"3rd",20,"female","survived"
688,"3rd",20,"female","died"
689,"3rd",30,"male","died"
690,"3rd",20,"male","died"
691,"3rd",20,"male","died"
692,"3rd",40,"male","died"
693,"3rd",20,"female","died"
694,"3rd",20,"male","survived"
695,"3rd",20,"male","died"
696,"3rd",20,"female","died"
697,"3rd",20,"female","died"
698,"3rd",30,"female","died"
699,"3rd",20,"male","died"
700,"3rd",40,"male","died"
701,"3rd",20,"male","died"
702,"3rd",20,"male","died"
703,"3rd",20,"female","died"
704,"3rd",20,"male","died"
705,"3rd",20,"male","died"
706,"3rd",-1,"male","died"
707,"3rd",-1,"female","died"
708,"3rd",30,"male","died"
709,"3rd",20,"male","died"
710,"3rd",20,"female","survived"
711,"3rd",40,"female","died"
712,"3rd",30,"male","died"
713,"3rd",20,"male","died"
714,"3rd",20,"male","died"
715,"3rd",30,"male","survived"
716,"3rd",30,"male","died"
717,"3rd",30,"male","died"
718,"3rd",20,"male","died"
719,"3rd",20,"male","died"
720,"3rd",20,"male","survived"
721,"3rd",20,"male","died"
722,"3rd",40,"male","died"
723,"3rd",20,"male","died"
724,"3rd",30,"male","died"
725,"3rd",30,"male","died"
726,"3rd",20,"female","survived"
727,"3rd",30,"female","died"
728,"3rd",70,"male","died"
729,"3rd",40,"male","died"
730,"3rd",40,"male","died"
731,"3rd",30,"male","died"
732,"3rd",20,"male","died"
733,"3rd",30,"male","died"
734,"3rd",10,"male","survived"
735,"3rd",0,"male","survived"
736,"3rd",40,"female","survived"
737,"3rd",60,"male","died"
738,"3rd",20,"male","died"
739,"3rd",20,"female","survived"
740,"3rd",40,"male","died"
741,"3rd",20,"male","died"
742,"3rd",20,"male","died"
743,"3rd",40,"male","survived"
744,"3rd",20,"female","died"
745,"3rd",20,"male","died"
746,"3rd",30,"female","survived"
747,"3rd",30,"male","survived"
748,"3rd",0,"male","died"
749,"3rd",30,"male","died"
750,"3rd",30,"female","died"
751,"3rd",30,"male","died"
752,"3rd",20,"male","died"
753,"3rd",20,"male","died"
754,"3rd",20,"male","died"
755,"3rd",20,"male","died"
756,"3rd",20,"male","died"
757,"3rd",-1,"male","died"
758,"3rd",-1,"female","survived"
759,"3rd",40,"male","survived"
760,"3rd",40,"female","survived"
761,"3rd",30,"male","survived"
762,"3rd",20,"male","died"
763,"3rd",0,"male","survived"
764,"3rd",0,"female","survived"
765,"3rd",30,"male","died"
766,"3rd",30,"female","survived"
767,"3rd",20,"male","died"
768,"3rd",-1,"male","died"
769,"3rd",-1,"male","died"
770,"3rd",20,"male","died"
771,"3rd",40,"male","died"
772,"3rd",20,"female","survived"
773,"3rd",20,"male","died"
774,"3rd",40,"male","died"
775,"3rd",40,"male","died"
776,"3rd",-1,"male","died"
777,"3rd",30,"male","died"
778,"3rd",20,"male","survived"
779,"3rd",30,"female","survived"
780,"3rd",20,"female","died"
781,"3rd",20,"female","survived"
782,"3rd",30,"male","died"
783,"3rd",60,"male","died"
784,"3rd",20,"male","survived"
785,"3rd",20,"male","died"
786,"3rd",20,"female","survived"
787,"3rd",20,"male","died"
788,"3rd",20,"male","died"
789,"3rd",40,"male","died"
790,"3rd",-1,"male","died"
791,"3rd",40,"male","died"
792,"3rd",20,"male","died"
793,"3rd",20,"male","died"
794,"3rd",50,"male","died"
795,"3rd",0,"female","survived"
796,"3rd",-1,"male","died"
797,"3rd",40,"male","died"
798,"3rd",40,"male","died"
799,"3rd",-1,"male","survived"
800,"3rd",20,"male","died"
801,"3rd",-1,"female","died"
802,"3rd",-1,"male","died"
803,"3rd",-1,"male","died"
804,"3rd",30,"male","died"
805,"3rd",-1,"male","died"
806,"3rd",-1,"male","survived"
807,"3rd",20,"female","died"
808,"3rd",10,"female","died"
809,"3rd",-1,"male","died"
810,"3rd",20,"male","died"
811,"3rd",20,"male","died"
812,"3rd",50,"female","died"
813,"3rd",-1,"male","died"
814,"3rd",-1,"male","died"
815,"3rd",20,"male","died"
816,"3rd",-1,"male","died"
817,"3rd",-1,"male","died"
818,"3rd",20,"male","died"
819,"3rd",20,"female","survived"
820,"3rd",-1,"female","survived"
821,"3rd",10,"male","survived"
822,"3rd",30,"male","died"
823,"3rd",40,"male","died"
824,"3rd",30,"female","survived"
825,"3rd",40,"male","died"
826,"3rd",10,"male","died"
827,"3rd",0,"male","died"
828,"3rd",10,"male","died"
829,"3rd",10,"female","died"
830,"3rd",20,"female","died"
831,"3rd",10,"male","died"
832,"3rd",40,"male","died"
833,"3rd",40,"female","died"
834,"3rd",50,"male","died"
835,"3rd",30,"male","died"
836,"3rd",-1,"male","died"
837,"3rd",20,"male","died"
838,"3rd",40,"male","died"
839,"3rd",30,"male","died"
840,"3rd",20,"male","died"
841,"3rd",20,"female","died"
842,"3rd",20,"female","died"
843,"3rd",-1,"male","died"
844,"3rd",-1,"male","died"
845,"3rd",30,"male","died"
846,"3rd",20,"female","survived"
847,"3rd",20,"male","died"
848,"3rd",20,"male","died"
849,"3rd",40,"male","died"
850,"3rd",30,"male","died"
851,"3rd",20,"male","died"
852,"3rd",40,"female","survived"
853,"3rd",-1,"female","died"
854,"3rd",20,"male","died"
855,"3rd",-1,"male","died"
856,"3rd",10,"male","died"
857,"3rd",-1,"female","survived"
858,"3rd",30,"male","survived"
859,"3rd",-1,"male","survived"
860,"3rd",20,"female","died"
861,"3rd",30,"female","survived"
862,"3rd",20,"female","died"
863,"3rd",20,"female","survived"
864,"3rd",30,"male","died"
865,"3rd",30,"female","died"
866,"3rd",-1,"female","died"
867,"3rd",0,"female","survived"
868,"3rd",20,"female","survived"
869,"3rd",40,"male","died"
870,"3rd",30,"male","died"
871,"3rd",30,"female","survived"
872,"3rd",-1,"male","died"
873,"3rd",-1,"female","survived"
874,"3rd",40,"male","died"
875,"3rd",-1,"male","survived"
876,"3rd",30,"male","died"
877,"3rd",-1,"male","died"
878,"3rd",30,"female","died"
879,"3rd",20,"female","died"
880,"3rd",-1,"male","died"
881,"3rd",30,"male","survived"
882,"3rd",20,"male","survived"
883,"3rd",-1,"male","died"
884,"3rd",20,"male","died"
885,"3rd",50,"male","died"
886,"3rd",20,"male","died"
887,"3rd",-1,"female","survived"
888,"3rd",-1,"male","survived"
889,"3rd",30,"male","died"
890,"3rd",30,"male","survived"
891,"3rd",20,"male","died"
892,"3rd",30,"male","died"
893,"3rd",30,"male","died"
894,"3rd",30,"male","died"
895,"3rd",0,"male","survived"
896,"3rd",0,"female","survived"
897,"3rd",50,"male","died"
898,"3rd",30,"male","died"
899,"3rd",20,"male","died"
900,"3rd",30,"female","survived"
901,"3rd",-1,"male","died"
902,"3rd",-1,"female","died"
903,"3rd",-1,"male","died"
904,"3rd",-1,"female","died"
905,"3rd",20,"male","died"
906,"3rd",30,"male","survived"
907,"3rd",30,"male","died"
908,"3rd",20,"female","died"
909,"3rd",20,"female","died"
910,"3rd",30,"male","survived"
911,"3rd",20,"male","died"
912,"3rd",20,"male","died"
913,"3rd",30,"male","died"
914,"3rd",20,"male","survived"
915,"3rd",30,"male","died"
916,"3rd",20,"male","died"
917,"3rd",0,"female","survived"
918,"3rd",40,"male","survived"
919,"3rd",-1,"male","died"
920,"3rd",20,"male","died"
921,"3rd",-1,"male","died"
922,"3rd",-1,"male","died"
923,"3rd",-1,"female","survived"
924,"3rd",-1,"female","survived"
925,"3rd",30,"male","died"
926,"3rd",40,"male","died"
927,"3rd",-1,"male","survived"
928,"3rd",-1,"male","died"
929,"3rd",-1,"female","died"
930,"3rd",-1,"male","died"
931,"3rd",-1,"male","died"
932,"3rd",-1,"male","died"
933,"3rd",20,"female","died"
934,"3rd",30,"male","died"
935,"3rd",0,"female","survived"
936,"3rd",30,"male","survived"
937,"3rd",30,"female","survived"
938,"3rd",0,"female","died"
939,"3rd",20,"male","died"
940,"3rd",40,"female","died"
941,"3rd",-1,"male","died"
942,"3rd",20,"male","survived"
943,"3rd",-1,"male","died"
944,"3rd",40,"female","died"
945,"3rd",-1,"male","died"
946,"3rd",-1,"male","survived"
947,"3rd",-1,"male","died"
948,"3rd",20,"female","survived"
949,"3rd",-1,"male","died"
950,"3rd",30,"male","survived"
951,"3rd",30,"male","died"
952,"3rd",30,"male","died"
953,"3rd",20,"male","died"
954,"3rd",20,"male","survived"
955,"3rd",-1,"male","died"
956,"3rd",-1,"female","died"
957,"3rd",-1,"female","died"
958,"3rd",-1,"female","died"
959,"3rd",-1,"female","died"
960,"3rd",30,"male","died"
961,"3rd",30,"male","died"
962,"3rd",-1,"female","died"
963,"3rd",-1,"male","died"
964,"3rd",40,"male","died"
965,"3rd",40,"male","died"
966,"3rd",20,"male","died"
967,"3rd",20,"female","died"
968,"3rd",40,"female","died"
969,"3rd",40,"male","died"
970,"3rd",30,"female","died"
971,"3rd",20,"male","survived"
972,"3rd",-1,"male","died"
973,"3rd",30,"male","died"
974,"3rd",-1,"male","died"
975,"3rd",30,"male","died"
976,"3rd",30,"female","died"
977,"3rd",-1,"male","died"
978,"3rd",20,"male","died"
979,"3rd",30,"male","survived"
980,"3rd",50,"male","died"
981,"3rd",20,"female","survived"
982,"3rd",30,"male","survived"
983,"3rd",-1,"male","died"
984,"3rd",-1,"male","died"
985,"3rd",-1,"female","survived"
986,"3rd",20,"male","survived"
987,"3rd",20,"male","died"
988,"3rd",-1,"female","died"
989,"3rd",-1,"male","died"
990,"3rd",-1,"male","died"
991,"3rd",30,"male","died"
992,"3rd",-1,"male","survived"
993,"3rd",30,"female","died"
994,"3rd",-1,"female","survived"
995,"3rd",-1,"male","died"
996,"3rd",40,"male","died"
997,"3rd",30,"male","died"
998,"3rd",-1,"female","survived"
999,"3rd",-1,"male","died"
1000,"3rd",-1,"female","survived"
1001,"3rd",-1,"male","survived"
1002,"3rd",-1,"female","survived"
1003,"3rd",-1,"female","survived"
1004,"3rd",-1,"male","survived"
1005,"3rd",-1,"female","survived"
1006,"3rd",-1,"male","died"
1007,"3rd",-1,"female","survived"
1008,"3rd",20,"female","survived"
1009,"3rd",40,"female","died"
1010,"3rd",-1,"male","died"
1011,"3rd",20,"male","died"
1012,"3rd",20,"female","died"
1013,"3rd",-1,"female","died"
1014,"3rd",-1,"female","died"
1015,"3rd",-1,"female","died"
1016,"3rd",60,"male","died"
1017,"3rd",-1,"male","died"
1018,"3rd",20,"male","survived"
1019,"3rd",-1,"male","died"
1020,"3rd",20,"male","died"
1021,"3rd",20,"male","died"
1022,"3rd",30,"male","died"
1023,"3rd",-1,"male","died"
1024,"3rd",-1,"female","survived"
1025,"3rd",20,"male","died"
1026,"3rd",10,"male","survived"
1027,"3rd",30,"female","survived"
1028,"3rd",-1,"male","died"
1029,"3rd",-1,"female","survived"
1030,"3rd",-1,"male","died"
1031,"3rd",-1,"male","died"
1032,"3rd",30,"male","died"
1033,"3rd",-1,"male","died"
1034,"3rd",-1,"male","survived"
1035,"3rd",-1,"male","survived"
1036,"3rd",-1,"male","survived"
1037,"3rd",-1,"female","survived"
1038,"3rd",-1,"female","survived"
1039,"3rd",-1,"male","died"
1040,"3rd",-1,"female","survived"
1041,"3rd",20,"female","survived"
1042,"3rd",-1,"male","died"
1043,"3rd",-1,"female","survived"
1044,"3rd",-1,"female","survived"
1045,"3rd",-1,"female","survived"
1046,"3rd",20,"male","died"
1047,"3rd",20,"male","died"
1048,"3rd",20,"female","survived"
1049,"3rd",0,"female","survived"
1050,"3rd",20,"male","survived"
1051,"3rd",20,"female","survived"
1052,"3rd",30,"male","died"
1053,"3rd",-1,"male","died"
1054,"3rd",-1,"male","died"
1055,"3rd",-1,"female","died"
1056,"3rd",-1,"male","died"
1057,"3rd",10,"male","survived"
1058,"3rd",10,"female","survived"
1059,"3rd",30,"female","died"
1060,"3rd",30,"male","died"
1061,"3rd",20,"female","survived"
1062,"3rd",30,"female","survived"
1063,"3rd",20,"male","died"
1064,"3rd",40,"male","died"
1065,"3rd",40,"male","survived"
1066,"3rd",20,"male","died"
1067,"3rd",30,"male","died"
1068,"3rd",20,"female","survived"
1069,"3rd",60,"male","died"
1070,"3rd",-1,"male","died"
1071,"3rd",-1,"male","died"
1072,"3rd",-1,"female","survived"
1073,"3rd",-1,"male","died"
1074,"3rd",-1,"male","died"
1075,"3rd",-1,"male","died"
1076,"3rd",20,"male","died"
1077,"3rd",-1,"female","died"
1078,"3rd",-1,"female","survived"
1079,"3rd",-1,"female","survived"
1080,"3rd",20,"female","survived"
1081,"3rd",-1,"male","survived"
1082,"3rd",-1,"female","survived"
1083,"3rd",10,"male","survived"
1084,"3rd",30,"male","died"
1085,"3rd",40,"male","died"
1086,"3rd",-1,"male","died"
1087,"3rd",30,"female","died"
1088,"3rd",30,"male","died"
1089,"3rd",30,"male","survived"
1090,"3rd",20,"male","died"
1091,"3rd",20,"female","died"
1092,"3rd",20,"female","died"
1093,"3rd",20,"male","died"
1094,"3rd",20,"male","died"
1095,"3rd",30,"female","survived"
1096,"3rd",-1,"female","died"
1097,"3rd",0,"male","died"
1098,"3rd",10,"male","died"
1099,"3rd",0,"female","died"
1100,"3rd",10,"female","died"
1101,"3rd",30,"female","died"
1102,"3rd",0,"male","died"
1103,"3rd",10,"male","died"
1104,"3rd",0,"male","died"
1105,"3rd",20,"male","died"
1106,"3rd",10,"male","died"
1107,"3rd",40,"female","died"
1108,"3rd",20,"male","died"
1109,"3rd",20,"male","died"
1110,"3rd",-1,"male","died"
1111,"3rd",30,"male","died"
1112,"3rd",0,"male","died"
1113,"3rd",0,"female","died"
1114,"3rd",30,"female","died"
1115,"3rd",-1,"male","died"
1116,"3rd",-1,"male","died"
1117,"3rd",-1,"male","died"
1118,"3rd",20,"male","died"
1119,"3rd",20,"male","died"
1120,"3rd",20,"male","died"
1121,"3rd",20,"male","survived"
1122,"3rd",-1,"male","survived"
1123,"3rd",-1,"female","survived"
1124,"3rd",-1,"female","survived"
1125,"3rd",-1,"female","died"
1126,"3rd",20,"male","died"
1127,"3rd",30,"female","died"
1128,"3rd",20,"male","died"
1129,"3rd",-1,"male","died"
1130,"3rd",20,"male","died"
1131,"3rd",20,"female","died"
1132,"3rd",30,"male","survived"
1133,"3rd",-1,"male","died"
1134,"3rd",20,"male","died"
1135,"3rd",20,"male","died"
1136,"3rd",-1,"male","died"
1137,"3rd",-1,"female","died"
1138,"3rd",-1,"male","died"
1139,"3rd",-1,"male","died"
1140,"3rd",40,"male","died"
1141,"3rd",20,"male","died"
1142,"3rd",10,"male","died"
1143,"3rd",0,"male","died"
1144,"3rd",10,"male","died"
1145,"3rd",0,"male","died"
1146,"3rd",10,"male","died"
1147,"3rd",40,"female","died"
1148,"3rd",20,"female","died"
1149,"3rd",40,"male","died"
1150,"3rd",-1,"female","survived"
1151,"3rd",-1,"male","died"
1152,"3rd",-1,"female","died"
1153,"3rd",50,"male","died"
1154,"3rd",50,"female","died"
1155,"3rd",-1,"male","died"
1156,"3rd",-1,"male","died"
1157,"3rd",0,"female","died"
1158,"3rd",20,"male","died"
1159,"3rd",40,"female","died"
1160,"3rd",-1,"female","survived"
1161,"3rd",50,"male","died"
1162,"3rd",20,"male","died"
1163,"3rd",-1,"male","survived"
1164,"3rd",-1,"male","died"
1165,"3rd",-1,"male","died"
1166,"3rd",20,"male","died"
1167,"3rd",-1,"male","died"
1168,"3rd",-1,"male","died"
1169,"3rd",-1,"male","died"
1170,"3rd",40,"male","died"
1171,"3rd",-1,"male","died"
1172,"3rd",10,"male","died"
1173,"3rd",-1,"female","died"
1174,"3rd",-1,"female","died"
1175,"3rd",-1,"female","died"
1176,"3rd",-1,"female","died"
1177,"3rd",-1,"male","died"
1178,"3rd",-1,"male","died"
1179,"3rd",-1,"male","died"
1180,"3rd",-1,"male","died"
1181,"3rd",-1,"female","died"
1182,"3rd",20,"male","died"
1183,"3rd",20,"female","survived"
1184,"3rd",40,"male","died"
1185,"3rd",-1,"male","died"
1186,"3rd",-1,"male","died"
1187,"3rd",-1,"male","died"
1188,"3rd",0,"female","survived"
1189,"3rd",20,"female","survived"
1190,"3rd",0,"female","survived"
1191,"3rd",20,"male","survived"
1192,"3rd",20,"male","died"
1193,"3rd",20,"male","died"
1194,"3rd",-1,"male","died"
1195,"3rd",-1,"male","died"
1196,"3rd",-1,"male","died"
1197,"3rd",30,"male","survived"
1198,"3rd",-1,"male","died"
1199,"3rd",-1,"female","survived"
1200,"3rd",-1,"male","died"
1201,"3rd",-1,"male","died"
1202,"3rd",20,"male","died"
1203,"3rd",-1,"male","died"
1204,"3rd",40,"male","died"
1205,"3rd",20,"male","died"
1206,"3rd",20,"female","survived"
1207,"3rd",0,"male","died"
1208,"3rd",10,"male","died"
1209,"3rd",10,"female","died"
1210,"3rd",0,"female","died"
1211,"3rd",40,"male","died"
1212,"3rd",40,"female","died"
1213,"3rd",-1,"male","died"
1214,"3rd",-1,"male","died"
1215,"3rd",-1,"male","died"
1216,"3rd",-1,"male","died"
1217,"3rd",-1,"female","survived"
1218,"3rd",20,"male","died"
1219,"3rd",30,"male","died"
1220,"3rd",-1,"male","died"
1221,"3rd",30,"male","died"
1222,"3rd",-1,"male","died"
1223,"3rd",30,"male","died"
1224,"3rd",20,"female","survived"
1225,"3rd",20,"male","died"
1226,"3rd",60,"male","died"
1227,"3rd",20,"male","died"
1228,"3rd",20,"female","died"
1229,"3rd",30,"male","survived"
1230,"3rd",30,"male","died"
1231,"3rd",0,"female","died"
1232,"3rd",30,"female","died"
1233,"3rd",20,"male","survived"
1234,"3rd",40,"male","survived"
1235,"3rd",20,"male","died"
1236,"3rd",70,"male","died"
1237,"3rd",10,"male","survived"
1238,"3rd",20,"male","died"
1239,"3rd",20,"male","survived"
1240,"3rd",30,"male","died"
1241,"3rd",0,"male","survived"
1242,"3rd",-1,"male","died"
1243,"3rd",-1,"male","died"
1244,"3rd",-1,"male","died"
1245,"3rd",20,"female","survived"
1246,"3rd",-1,"male","died"
1247,"3rd",-1,"male","died"
1248,"3rd",-1,"female","survived"
1249,"3rd",30,"male","died"
1250,"3rd",-1,"male","died"
1251,"3rd",-1,"male","died"
1252,"3rd",30,"male","died"
1253,"3rd",40,"male","died"
1254,"3rd",-1,"male","died"
1255,"3rd",20,"male","survived"
1256,"3rd",-1,"male","died"
1257,"3rd",10,"male","survived"
1258,"3rd",10,"female","survived"
1259,"3rd",30,"female","survived"
1260,"3rd",40,"male","died"
1261,"3rd",20,"female","survived"
1262,"3rd",60,"female","survived"
1263,"3rd",-1,"male","died"
1264,"3rd",10,"male","died"
1265,"3rd",40,"male","died"
1266,"3rd",10,"female","died"
1267,"3rd",40,"male","died"
1268,"3rd",30,"female","died"
1269,"3rd",-1,"male","died"
1270,"3rd",30,"male","died"
1271,"3rd",30,"male","died"
1272,"3rd",30,"male","died"
1273,"3rd",50,"male","died"
1274,"3rd",20,"female","died"
1275,"3rd",30,"male","died"
1276,"3rd",20,"male","died"
1277,"3rd",30,"female","died"
1278,"3rd",20,"male","survived"
1279,"3rd",20,"male","died"
1280,"3rd",10,"female","died"
1281,"3rd",20,"male","died"
1282,"3rd",20,"male","died"
1283,"3rd",-1,"male","died"
1284,"3rd",-1,"male","died"
1285,"3rd",-1,"male","died"
1286,"3rd",30,"male","died"
1287,"3rd",40,"female","survived"
1288,"3rd",50,"male","died"
1289,"3rd",20,"male","died"
1290,"3rd",20,"male","died"
1291,"3rd",50,"female","survived"
1292,"3rd",-1,"male","died"
1293,"3rd",-1,"male","died"
1294,"3rd",-1,"male","died"
1295,"3rd",30,"male","died"
1296,"3rd",20,"male","died"
1297,"3rd",30,"male","died"
1298,"3rd",-1,"male","died"
1299,"3rd",40,"male","died"
1300,"3rd",30,"male","died"
1301,"3rd",20,"female","survived"
1302,"3rd",50,"male","died"
1303,"3rd",-1,"male","died"
1304,"3rd",-1,"male","died"
1305,"3rd",10,"female","died"
1306,"3rd",-1,"female","died"
1307,"3rd",30,"male","died"
1308,"3rd",30,"male","died"
1309,"3rd",30,"male","died"
